R_mean;G_mean;B_mean;H_mean_deg;S_mean;V_mean;L_star;a_star;b_star;C_star;h_deg;image;area_pixels
143,77555908396803;109,34049764636194;64,46857668280155;33,55676596460605;141,67390809069656;143,7762227059185;48,5608711518008;8,219663538997708;30,06352544487791;31,16694452250894;74,70848712934453;AmbT1.13.05.26.JPG;855909
139,10537330993375;104,72188258857162;62,40916159888314;32,72736825098879;141,6988817783018;139,10653013352803;46,77650179282508;8,587779848330314;28,89460079103054;30,14378737976386;73,44749599015145;AmbT2.13.05.26.JPG;810841
141,52143850481346;106,76096574448059;63,25562718475097;32,95812730226463;142,205864447703;141,52234651282504;47,60143519757099;8,603817302367816;29,501450863811414;30,730461682871006;73,74117803564867;AmbT3.13.05.26.JPG;872239
143,12535850008499;112,68201019611713;73,40009432048126;33,63611304565587;125,27288231326465;143,12929765971876;49,53424943480648;6,89177821525908;26,31200520590562;27,199599719920954;75,32250900419416;AmbTemp1.11.05.26.JPG;547071
142,72410704933486;112,43797877169094;73,81640829579973;33,35662860933627;124,24750008728745;142,72710100904297;49,419922488739914;6,928312558919032;25,932603610209128;26,84215797804466;75,04187052371428;AmbTemp1.2.11.05.26.JPG;572820
145,19759281407784;116,14542004369818;78,48319669301475;33,64172841650909;118,4265672432955;145,20089579032003;50,767615207307365;6,378971422462456;25,094777377619494;25,892839319797968;75,73775393195862;AmbTemp1.3.11.05.26.JPG;448989
141,10334430143283;108,32876199999225;68,3982117734603;32,781882094868244;132,57017064502503;141,1069641618318;48,0541111146828;8,016789331100966;27,215209227155924;28,371403286709793;73,58659822712934;AmbTemp2.11.05.26.JPG;516042
143,27176249819564;112,2957089929269;72,89998941442525;33,26360198238945;126,41003512486166;143,27463407592745;49,42544481585157;7,180994081701385;26,466259923976338;27,42315792108754;74,81961708566271;AmbTemp2.2.11.05.26.JPG;519575
141,69548395639146;112,53305982253602;75,61409080376737;33,27701633081436;120,12824956334981;141,6983287542667;49,36314607896397;6,581559634635255;24,83495109712618;25,692250256077394;75,1571314268708;AmbTemp2.3.11.05.26.JPG;513569
150,13662417582418;119,34763076923078;74,88394139194139;35,14018754578755;129,13438534798536;150,13687765567767;52,097967966673856;6,3151516483516446;28,888293040293036;29,570502449629114;77,66879158408449;boild_1_08.04.26.JPG;682500
150,62650574305096;118,95356106482043;74,00093773618356;34,907414491834075;130,97917541420568;150,62678721941782;52,03286434022226;6,653413950653004;29,307779633551974;30,053516670226596;77,20957466973063;boild_2_08.04.26.JPG;643038
150,29899072772923;118,6037828071676;73,40060748356915;34,94640877709019;131,8593826826451;150,29916965607936;51,88823347431392;6,657840989430127;29,456120367865054;30,19917008407169;77,26369090058765;boild_3_08.04.26.JPG;687426
120,808009548721;90,66494149599917;55,36322953264206;31,99650143280137;139,61309266435293;120,80944481618548;40,755865623788814;7,926714223944458;25,004568852558748;26,230921865051453;72,41083126895963;Boiled1.04.05.26.JPG;608249
131,4475766673662;93,95667567501974;51,02873678905749;31,743320470375938;157,03668726738533;131,44813915407138;42,86294927729808;10,443919076151275;30,251591451915232;32,003659650777244;70,95351571219474;Boiled1.07.05.26.JPG;700461
135,16369165422012;102,30726714603291;58,44485036048135;33,967717517515844;145,89658269187305;135,16376938282295;45,623496294455926;7,865714869960044;29,59048267070696;30,618068768309335;75,11393143038079;Boiled1.16.04.26.JPG;836243
144,0991780781105;110,595548885173;66,08821787819765;33,94177649832227;139,39121359169064;144,0991780781105;48,97048764648997;7,794882633129362;29,708092969905067;30,713693740297416;75,29799647805017;boiled1.20.04.26.JPG;537034
135,1481547420348;106,5710975112199;68,26100218834613;34,115209376506805;127,24458143243945;135,1484841066726;46,92380322775599;6,332956492711702;25,715719743332954;26,48404387279676;76,16518731221224;Boiled1.28.04.26.JPG;674025
145,9587858440471;111,28131752216002;64,09524511666505;34,29793210874246;144,50034688549755;145,95897866323372;49,33259764028902;8,059136888389816;31,283206015958626;32,304622982209764;75,55366035680795;Boiled1_23.04.26.JPG;528993
118,30887183008467;85,83601793371159;50,92702790609674;30,743398689197893;146,52902961103234;118,31028764942103;39,09281353097448;9,27715832729237;25,410332504958546;27,050890274484555;69,94316856399519;Boiled2.04.05.26.JPG;470399
134,56960370715854;96,79757108897782;51,76099419251948;32,34905545692534;158,29888484337857;134,5701236722535;43,994745123999714;10,265675683808269;31,296960250353578;32,93757456397396;71,84005875557571;Boiled2.07.05.26.JPG;830825
137,50688896990135;105,84990088632686;62,577842967486156;34,30791086604844;140,07842511791108;137,5069277039805;46,89872400918716;7,22575246644945;28,93317915650846;29,82181005252726;75,97781471779017;Boiled2.16.04.26.JPG;877780
145,22970931645708;113,09965701322434;69,1830415095019;34,33375403977206;134,8243853694985;145,22993077248543;49,7989770235399;7,136325090247823;29,0495647398792;29,913280451500693;76,19801409981464;boiled2.20.04.26.JPG;555415
133,70531027335545;104,27786525042976;65,49753829405778;33,879519406115364;131,30812224576468;133,7056085687663;46,089578105852475;6,718061633367256;26,212560081923613;27,05976086661108;75,62497922405619;Boiled2.28.04.26.JPG;650362
144,8584362188514;111,03512179952725;63,881428253711455;34,60921610190341;143,73714250849753;144,85875112431088;49,14350384576363;7,676609806549635;31,113495863913613;32,046528095813805;76,14026791376783;Boiled2_23.04.26.JPG;508089
119,47257940133613;87,34418352207479;51,10049958507615;31,53958541144519;147,85666686225366;119,47423909672337;39,630513971403865;8,902285434077413;26,050779973008986;27,52987146994902;71,13325685367208;Boiled3.04.05.26.JPG;477196
133,40142889010954;95,66380304967414;51,917013075172044;31,970304415718992;157,25616279320792;133,40159080060542;43,56765932733561;10,442296298606124;30,666990887437436;32,396078189775594;71,19598009773776;Boiled3.07.05.26.JPG;833794
137,36566214428638;104,95537790767085;60,59532814716122;34,411682258611386;143,6810671289332;137,36566691976714;46,62732325969074;7,521992282823078;29,674049559939448;30,612572338642053;75,7758615909258;Boiled3.16.04.26.JPG;837612
142,12624773740828;111,19368342960098;70,16058474573907;43,45065528003146;131,874025586461;142,96663914834514;49,01507103877672;7,18136991038881;27,35669880546314;28,283582575810055;75,29123275826323;boiled3.20.04.26.JPG;717098
144,22341711103428;110,75619597066265;65,74404062096202;34,095699492237976;140,06989644566582;144,22349354832838;49,01985692451586;7,720199464938929;29,9441698363878;30,923369592734883;75,54285315112374;Boiled3_23.04.26.JPG;549470
137,9735934816637;106,09498705369408;62,80482716044036;34,30030329145573;140,0958801346743;137,97367528326208;47,03812744196523;7,310227750085517;28,99075834412392;29,898218995878516;75,8474890493204;FastB1_10.04.26.JPG;2078199
135,01310515561144;102,68020727106831;59,904961145060994;33,82586009921715;142,88658268223676;135,01312719960742;45,73391434766835;7,6944639858611765;28,913663252083637;29,919971568913738;75,09790321224379;FastB2_10.04.26.JPG;2086736
135,88136104350838;102,19093134661446;59,10403532229672;33,36925555758631;145,28829708437144;135,88141010225382;45,69173962764016;8,287187490981836;29,34332320093884;30,491114984294054;74,22917556618353;FastB3_10.04.26.JPG;2079140
137,1177658795139;99,63145307248125;43,71997005084892;35,550288718434885;174,14638455571836;137,11851999482892;44,97420165170265;9,193926139791444;36,58606071705594;37,723575077874635;75,89389723998873;FastBNaked_10.04.26.JPG;185648
97,02013055489842;94,89294378039833;88,34992201189269;52,92311856197148;22,332592212416348;97,19066187644599;40,20082085047959;-0,41482455683107844;3,9957357145434855;4,017210887348141;95,92703250296536;FastBSkin_10.04.26.JPG;498794
152,54170774030166;123,02867884514862;84,4093965338228;33,79533455221583;114,93749388370811;152,54176711308637;53,49001371874619;6,254068975064627;25,422351436761716;26,18032336162192;76,17929808944669;IMG_0444.JPG;3351704
158,48387882605337;124,32039924737347;75,05728279214749;35,080839158831296;135,24238423252822;158,48439206206925;54,30862479824055;7,1406787097677125;31,733824317158337;32,527294665071665;77,31863998758469;imitation2.2.25.05.26.JPG;2228994
158,7949369985781;122,91996984121485;71,90824263575638;34,88356910616258;140,49840584273915;158,79515458712865;53,930290715903574;7,77113538017079;32,97539108525305;33,87870957286196;76,7393632350667;imitation2.3.25.05.26.JPG;2569069
160,99216558838657;125,55520459319445;75,31761003287345;34,87230676588142;136,82171129026653;160,99244433871448;54,91000882963939;7,550267275742499;32,39930984473608;33,26742873067229;76,88203157634815;imitation3.1.25.05.26.JPG;2618831
159,4722673728147;123,74089245466942;72,71115072711484;34,98342850997432;139,59427960385187;159,47283265355486;54,23892062844402;7,657366388797556;32,92429448026513;33,80302393330371;76,907192782384;imitation3.2.25.05.26.JPG;2612861
158,3530361862057;122,88843714799411;73,32530263480923;34,66765318574358;137,86423629162695;158,3533335860555;53,90400832949649;7,717107305837146;32,167115699823825;33,07985909304418;76,50932015100857;imitation3.3.25.05.26.JPG;2215872
159,058941228352;123,40157834425561;72,73640645087012;34,89536102120627;139,5287756672135;159,05946451676456;54,09692546032881;7,688658357506142;32,75509603526939;33,64538279791403;76,79001930952917;immitation2.1.25.05.26.JPG;2405939
147,0394017956677;113,93985948121613;72,49226092000681;32,88010895172595;130,71965533776384;147,03940608800266;50,282090812967525;7,889453978197395;27,843044025866845;28,93922225458822;74,17967930684995;Raw.07.05.26.JPG;1630814
141,59641346976522;109,63229756529394;66,82566851795985;34,07369103021251;136,09516075588152;141,59641346976522;48,43420859325476;7,286827463761313;28,58903368430424;29,503062578127523;75,70080137849617;Raw.28.04.26.JPG;1011005
161,05579448761702;126,32489959709866;74,18973165859282;35,742432414879204;138,66142792064312;161,05676040060746;55,10613875200523;7,060173108927074;33,24540500404652;33,986806237290054;78,01048073362337;raw25.05.26.JPG;2171003
137,87294591052594;105,10467418139176;63,873160537021874;33,091525610696316;138,00576493962282;137,8739758779003;46,755425502259264;7,968106982315504;28,037801840991733;29,148054153859817;74,13529703506185;RawCK_13.05.JPG;834007
150,88249290113376;118,04030925051165;74,28393912358321;33,91771802710017;130,59478213231588;150,88250066400252;51,8233818628965;7,333527220222038;28,885278107545673;29,80167634278305;75,75447010218959;Raw_10.04.26.JPG;1803457
141,99218045274748;110,84472651779728;73,4689762693974;32,35668875563107;124,01476397299778;141,99219122347372;48,89531894205914;7,426884271239203;25,443753921217535;26,50553194300867;73,72778124772555;raw_1_08.04.26.JPG;371377
151,71673947317421;116,5435739090809;67,69119434099635;34,52189171210526;142,4943561861961;151,7170773163207;51,4045899424316;7,922572374382582;32,013927518240905;32,97967113496605;76,10012432058454;Raw_23.04.26.JPG;763668
118,99044139016281;90,72330535806687;58,35299694493078;31,746354827505545;131,5382592484955;118,99224005330423;40,59451193875908;7,323943661971839;23,065645002374595;24,20049855146182;72,38399967664397;SC1.05.05.26.JPG;564308
120,88067437309698;92,39773001423866;58,83135153716006;32,10026979338967;132,19630740993617;120,88192005853145;41,28415791432745;7,257101589589212;23,690065579819276;24,77669733152012;72,96832839971988;SC2.SC1.05.05.26.JPG;634189
127,19280487469173;97,09196883850397;61,56458756033856;32,21716214049877;132,86070597531887;127,19467352811158;43,34335606458427;7,621955544184573;24,846679739683935;25,98945363804222;72,94610638176017;SC3..05.05.26.JPG;617557
116,53128925831884;111,6713351035633;101,23903671734494;45,01772085716568;32,39044947219875;116,57234665201426;47,16167513361325;-0,022312643266388932;6,403682626976064;6,403721499338069;90,19963748827487;SkimSlow-10.04.26.JPG;413129
101,29692782766816;97,71874694805769;90,04677552121362;52,02282969115507;28,246996888762805;101,47018281425123;41,43930123868621;-0,020841568733231952;4,8295493124119275;4,829594282339437;90,24725423366306;SkimSolar_10.04.26.JPG;430054
134,51772579996688;103,22162322297004;62,03978455942851;33,75029407115215;138,50297556439878;134,51781293216013;45,83920859366516;7,340796413141021;27,86177846764346;28,812601259852;75,23961116792157;Slow1.16.04.26.JPG;803377
137,7750042359217;106,06250337810961;62,11589299606287;34,53827603148489;141,13842081194875;137,7750376374549;46,99740162269054;7,227388528455975;29,26280933615365;30,14211597060396;76,12661622479034;Slow1_10.04.26.JPG;1646631
137,75466248265778;106,13469993250591;64,37164287187372;33,89778863099479;137,45295802242305;137,75473981964078;47,0361343382454;7,353892862499521;28,13432027822566;29,079541223184744;75,35147217676183;Slow2.16.04.26.JPG;853408
142,73154649923126;111,6268942886098;67,78417182739439;34,867739802277235;135,29843678587983;142,73156914312278;49,12967872159855;6,74488375134419;28,926033035127148;29,702000672823605;76,8744762181485;Slow2_10.04.26.JPG;2163939
131,92549690385098;100,0999307481845;60,07059522503056;33,16675055092405;140,30857675535694;131,92555366763418;44,6856685100427;7,860530123278323;27,476012255931494;28,578299167498816;74,03486238749261;Slow3.16.04.26.JPG;792759
138,79697028157;107,0404223700591;63,87051779418251;34,30840067883055;138,96654830337576;138,79698535329635;47,40145962478572;7,2561691087887255;28,856976350451788;29,755286492081932;75,8854374745157;Slow3_10.04.26.JPG;1990482
138,1976702638204;107,09952434962761;65,75935565928879;33,93856865624672;134,68807366516313;138,19894380048254;47,36583691223264;7,130382618273359;27,735933730200344;28,637813746322188;75,5825492485907;SnotC1.05.05.26.JPG;610112
137,548650482561;104,952470670901;62,789013040513076;33,54526980015569;139,8670373993373;137,5496665817047;46,672516074897814;7,807435434649335;28,536958453600448;29,585706782984516;74,69886611149327;SnotC2.05.05.26.JPG;580652
135,6307619793853;102,93011741063107;61,692352926020845;33,11606329595451;140,15296875970907;135,6320108029299;45,88435288940961;7,995982243669118;28,13262839467069;29,246888935982632;74,13355139649812;SnotC3.05.05.26.JPG;659821
137,63442527949786;103,72705252671264;60,72359372049564;33,209670592984715;143,52383333658898;137,63538895291674;46,32628567350341;8,366007071279284;29,224806776968194;30,3986744031351;74,02549456561643;Solar1.07.05.26.JPG;767895
136,8792651295279;107,34703771335364;71,52242866487529;32,59731006697926;123,12589733195094;136,87945168129784;47,36942284713782;6,998669024872385;24,500565036610794;25,480562302133432;74,05783083252457;Solar1.16.04.26.JPG;836229
145,26567456461072;114,04511399516662;73,00518909959037;33,82483946796143;128,35305496778358;145,26567456461072;50,12163266697284;7,000062342539252;27,35270474940134;28,234222672270594;75,64504757010494;solar1.20.04.26.JPG;545374
142,750628547858;110,90255052935515;68,77821917987599;33,88839674464589;133,22984118254297;142,75067437947268;48,959149695596345;7,27408342226849;28,129998646876146;29,055276861654153;75,50158244499981;Solar1_10.04.26.JPG;1832796
142,5933578380717;112,08648253989102;73,42684601611286;33,12124823506006;124,62189626499112;142,5933694272806;49,304660721553994;6,972249639285877;25,982569829812462;26,9017880445446;74,97893171566928;Solar1_23.04.26.JPG;517723
136,76279824821904;104,18910055133443;61,994525391081226;33,56428028964719;140,39764864138377;136,76435118724126;46,38377780927861;7,884636467891255;28,541023765953412;29,61009168914406;74,55685255230135;Solar2.07.05.26.JPG;851933
135,13485697529296;106,47060892037415;70,95619797570899;32,90796282323155;121,96353010033245;135,13490584817697;46,937062500331606;6,654218385502162;24,199064024670065;25,097277182834716;74,62490268320734;Solar2.16.04.26.JPG;838911
143,82597435266067;112,83267405133365;72,37843022977735;33,72839825474798;128,02819825581085;143,82597435266067;49,62526780020586;6,978568758713408;27,039912985404868;27,925925520533024;75,52865955118965;solar2.20.04.26.JPG;564503
142,63664246457216;114,02686772611685;76,13422258857706;33,826073038439915;119,68925751121905;142,6366464660207;49,88318084872214;6,179591011946314;25,205896534545502;25,952351823777754;76,22480822529518;Solar2_23.04.26.JPG;499819
138,21273259005986;104,63157816058839;61,2804113371856;33,48099597197232;143,13029256201042;138,21389316213762;46,64291163163207;8,180869858285178;29,3184533678334;30,438435234420652;74,40904583680631;Solar3.07.05.26.JPG;735844
136,7754889178618;108,56717854162007;73,03385902800129;33,15478989487925;120,00925629933502;136,7756329338345;47,71053559630089;6,410028748643043;24,061254793713488;24,900450815325225;75,08260265021914;Solar3.16.04.26.JPG;916565
144,09938832834388;113,00437779502532;71,72286654100603;33,983945004989465;129,4965166130761;144,09938832834388;49,69902971722007;6,945901245518712;27,49683076468196;28,36055793199525;75,82324112692692;solar3.20.04.26.JPG;541140
141,69543128031052;109,90606877239328;67,81601570479903;33,89127439649487;134,08507139265822;141,69544014201108;48,548797123373106;7,263662177049326;28,141803533299935;29,064099750880803;75,52729836863581;Solar3_10.04.26.JPG;2144058
141,72705732484076;110,95980401763842;72,35665654091132;33,08891719745223;125,97592356687898;141,72749828515433;48,89360194445244;7,1254032337089654;26,064658500734936;27,021062044318022;74,71039083715745;Solar3_23.04.26.JPG;510250
140,90899675268372;109,45526091366699;57,914023322714826;37,343690538123305;151,2706057301948;140,90912502999075;48,24195205456322;6,397322329990999;33,074906820789465;33,68790872401709;79,05307161255503;SolarWithoutSkin_10.04.26.JPG;420963
152,38771379994859;120,75612018321064;73,39957944547501;35,549631937368964;133,1259604158473;152,38772618741618;52,69477759546745;6,35981877134904;30,47948325678911;31,135930922413277;78,21382858964638;solar_1_08.04.26.JPG;645814
156,95539677670985;123,05871115103938;71,16649098577997;35,967950823883676;140,68318274600904;156,95539677670985;53,76286233972993;6,849757809495486;33,135263902793724;33,83585222743073;78,32027180425955;solar_2_08.04.26.JPG;642263
153,4562487610231;119,76167982769252;72,0523599241594;34,86317681583847;136,87260702632165;153,4562487610231;52,52136858834742;7,285187856262866;31,064094783709606;31,9069263143966;76,80145071003176;solar_3_08.04.26.JPG;822251
144,19780942951687;112,34575061211513;68,89925259905486;34,28205304725991;134,12931141464492;144,19784068067744;49,49876690682016;7,083952393159535;28,768578362058747;29,627917282226665;76,16673683172188;Solqr2_10.04.26.JPG;2207918
142,0969962846739;108,73155658841291;54,19747846295035;37,11610394031795;158,63189407620118;142,09702218834187;48,13030299600227;6,983519716391839;34,9314440924835;35,622680050994674;78,69443487944868;WithoutSkinSlow_10.04.26.JPG;540464
143,77555908396803;109,34049764636194;64,46857668280155;33,55676596460605;141,67390809069656;143,7762227059185;48,5608711518008;8,219663538997708;30,06352544487791;31,16694452250894;74,70848712934453;AmbT1.13.05.26.JPG;855909
139,10537330993375;104,72188258857162;62,40916159888314;32,72736825098879;141,6988817783018;139,10653013352803;46,77650179282508;8,587779848330314;28,89460079103054;30,14378737976386;73,44749599015145;AmbT2.13.05.26.JPG;810841
141,52143850481346;106,76096574448059;63,25562718475097;32,95812730226463;142,205864447703;141,52234651282504;47,60143519757099;8,603817302367816;29,501450863811414;30,730461682871006;73,74117803564867;AmbT3.13.05.26.JPG;872239
143,12535850008499;112,68201019611713;73,40009432048126;33,63611304565587;125,27288231326465;143,12929765971876;49,53424943480648;6,89177821525908;26,31200520590562;27,199599719920954;75,32250900419416;AmbTemp1.11.05.26.JPG;547071
142,72410704933486;112,43797877169094;73,81640829579973;33,35662860933627;124,24750008728745;142,72710100904297;49,419922488739914;6,928312558919032;25,932603610209128;26,84215797804466;75,04187052371428;AmbTemp1.2.11.05.26.JPG;572820
145,19759281407784;116,14542004369818;78,48319669301475;33,64172841650909;118,4265672432955;145,20089579032003;50,767615207307365;6,378971422462456;25,094777377619494;25,892839319797968;75,73775393195862;AmbTemp1.3.11.05.26.JPG;448989
141,10334430143283;108,32876199999225;68,3982117734603;32,781882094868244;132,57017064502503;141,1069641618318;48,0541111146828;8,016789331100966;27,215209227155924;28,371403286709793;73,58659822712934;AmbTemp2.11.05.26.JPG;516042
143,27176249819564;112,2957089929269;72,89998941442525;33,26360198238945;126,41003512486166;143,27463407592745;49,42544481585157;7,180994081701385;26,466259923976338;27,42315792108754;74,81961708566271;AmbTemp2.2.11.05.26.JPG;519575
141,69548395639146;112,53305982253602;75,61409080376737;33,27701633081436;120,12824956334981;141,6983287542667;49,36314607896397;6,581559634635255;24,83495109712618;25,692250256077394;75,1571314268708;AmbTemp2.3.11.05.26.JPG;513569
150,13662417582418;119,34763076923078;74,88394139194139;35,14018754578755;129,13438534798536;150,13687765567767;52,097967966673856;6,3151516483516446;28,888293040293036;29,570502449629114;77,66879158408449;boild_1_08.04.26.JPG;682500
150,62650574305096;118,95356106482043;74,00093773618356;34,907414491834075;130,97917541420568;150,62678721941782;52,03286434022226;6,653413950653004;29,307779633551974;30,053516670226596;77,20957466973063;boild_2_08.04.26.JPG;643038
150,29899072772923;118,6037828071676;73,40060748356915;34,94640877709019;131,8593826826451;150,29916965607936;51,88823347431392;6,657840989430127;29,456120367865054;30,19917008407169;77,26369090058765;boild_3_08.04.26.JPG;687426
120,808009548721;90,66494149599917;55,36322953264206;31,99650143280137;139,61309266435293;120,80944481618548;40,755865623788814;7,926714223944458;25,004568852558748;26,230921865051453;72,41083126895963;Boiled1.04.05.26.JPG;608249
131,4475766673662;93,95667567501974;51,02873678905749;31,743320470375938;157,03668726738533;131,44813915407138;42,86294927729808;10,443919076151275;30,251591451915232;32,003659650777244;70,95351571219474;Boiled1.07.05.26.JPG;700461
135,16369165422012;102,30726714603291;58,44485036048135;33,967717517515844;145,89658269187305;135,16376938282295;45,623496294455926;7,865714869960044;29,59048267070696;30,618068768309335;75,11393143038079;Boiled1.16.04.26.JPG;836243
144,0991780781105;110,595548885173;66,08821787819765;33,94177649832227;139,39121359169064;144,0991780781105;48,97048764648997;7,794882633129362;29,708092969905067;30,713693740297416;75,29799647805017;boiled1.20.04.26.JPG;537034
135,1481547420348;106,5710975112199;68,26100218834613;34,115209376506805;127,24458143243945;135,1484841066726;46,92380322775599;6,332956492711702;25,715719743332954;26,48404387279676;76,16518731221224;Boiled1.28.04.26.JPG;674025
145,9587858440471;111,28131752216002;64,09524511666505;34,29793210874246;144,50034688549755;145,95897866323372;49,33259764028902;8,059136888389816;31,283206015958626;32,304622982209764;75,55366035680795;Boiled1_23.04.26.JPG;528993
118,30887183008467;85,83601793371159;50,92702790609674;30,743398689197893;146,52902961103234;118,31028764942103;39,09281353097448;9,27715832729237;25,410332504958546;27,050890274484555;69,94316856399519;Boiled2.04.05.26.JPG;470399
134,56960370715854;96,79757108897782;51,76099419251948;32,34905545692534;158,29888484337857;134,5701236722535;43,994745123999714;10,265675683808269;31,296960250353578;32,93757456397396;71,84005875557571;Boiled2.07.05.26.JPG;830825
137,50688896990135;105,84990088632686;62,577842967486156;34,30791086604844;140,07842511791108;137,5069277039805;46,89872400918716;7,22575246644945;28,93317915650846;29,82181005252726;75,97781471779017;Boiled2.16.04.26.JPG;877780
145,22970931645708;113,09965701322434;69,1830415095019;34,33375403977206;134,8243853694985;145,22993077248543;49,7989770235399;7,136325090247823;29,0495647398792;29,913280451500693;76,19801409981464;boiled2.20.04.26.JPG;555415
133,70531027335545;104,27786525042976;65,49753829405778;33,879519406115364;131,30812224576468;133,7056085687663;46,089578105852475;6,718061633367256;26,212560081923613;27,05976086661108;75,62497922405619;Boiled2.28.04.26.JPG;650362
144,8584362188514;111,03512179952725;63,881428253711455;34,60921610190341;143,73714250849753;144,85875112431088;49,14350384576363;7,676609806549635;31,113495863913613;32,046528095813805;76,14026791376783;Boiled2_23.04.26.JPG;508089
119,47257940133613;87,34418352207479;51,10049958507615;31,53958541144519;147,85666686225366;119,47423909672337;39,630513971403865;8,902285434077413;26,050779973008986;27,52987146994902;71,13325685367208;Boiled3.04.05.26.JPG;477196
133,40142889010954;95,66380304967414;51,917013075172044;31,970304415718992;157,25616279320792;133,40159080060542;43,56765932733561;10,442296298606124;30,666990887437436;32,396078189775594;71,19598009773776;Boiled3.07.05.26.JPG;833794
137,36566214428638;104,95537790767085;60,59532814716122;34,411682258611386;143,6810671289332;137,36566691976714;46,62732325969074;7,521992282823078;29,674049559939448;30,612572338642053;75,7758615909258;Boiled3.16.04.26.JPG;837612
142,12624773740828;111,19368342960098;70,16058474573907;43,45065528003146;131,874025586461;142,96663914834514;49,01507103877672;7,18136991038881;27,35669880546314;28,283582575810055;75,29123275826323;boiled3.20.04.26.JPG;717098
144,22341711103428;110,75619597066265;65,74404062096202;34,095699492237976;140,06989644566582;144,22349354832838;49,01985692451586;7,720199464938929;29,9441698363878;30,923369592734883;75,54285315112374;Boiled3_23.04.26.JPG;549470
137,9735934816637;106,09498705369408;62,80482716044036;34,30030329145573;140,0958801346743;137,97367528326208;47,03812744196523;7,310227750085517;28,99075834412392;29,898218995878516;75,8474890493204;FastB1_10.04.26.JPG;2078199
135,01310515561144;102,68020727106831;59,904961145060994;33,82586009921715;142,88658268223676;135,01312719960742;45,73391434766835;7,6944639858611765;28,913663252083637;29,919971568913738;75,09790321224379;FastB2_10.04.26.JPG;2086736
135,88136104350838;102,19093134661446;59,10403532229672;33,36925555758631;145,28829708437144;135,88141010225382;45,69173962764016;8,287187490981836;29,34332320093884;30,491114984294054;74,22917556618353;FastB3_10.04.26.JPG;2079140
137,1177658795139;99,63145307248125;43,71997005084892;35,550288718434885;174,14638455571836;137,11851999482892;44,97420165170265;9,193926139791444;36,58606071705594;37,723575077874635;75,89389723998873;FastBNaked_10.04.26.JPG;185648
97,02013055489842;94,89294378039833;88,34992201189269;52,92311856197148;22,332592212416348;97,19066187644599;40,20082085047959;-0,41482455683107844;3,9957357145434855;4,017210887348141;95,92703250296536;FastBSkin_10.04.26.JPG;498794
152,54170774030166;123,02867884514862;84,4093965338228;33,79533455221583;114,93749388370811;152,54176711308637;53,49001371874619;6,254068975064627;25,422351436761716;26,18032336162192;76,17929808944669;IMG_0444.JPG;3351704
158,48387882605337;124,32039924737347;75,05728279214749;35,080839158831296;135,24238423252822;158,48439206206925;54,30862479824055;7,1406787097677125;31,733824317158337;32,527294665071665;77,31863998758469;imitation2.2.25.05.26.JPG;2228994
158,7949369985781;122,91996984121485;71,90824263575638;34,88356910616258;140,49840584273915;158,79515458712865;53,930290715903574;7,77113538017079;32,97539108525305;33,87870957286196;76,7393632350667;imitation2.3.25.05.26.JPG;2569069
160,99216558838657;125,55520459319445;75,31761003287345;34,87230676588142;136,82171129026653;160,99244433871448;54,91000882963939;7,550267275742499;32,39930984473608;33,26742873067229;76,88203157634815;imitation3.1.25.05.26.JPG;2618831
159,4722673728147;123,74089245466942;72,71115072711484;34,98342850997432;139,59427960385187;159,47283265355486;54,23892062844402;7,657366388797556;32,92429448026513;33,80302393330371;76,907192782384;imitation3.2.25.05.26.JPG;2612861
158,3530361862057;122,88843714799411;73,32530263480923;34,66765318574358;137,86423629162695;158,3533335860555;53,90400832949649;7,717107305837146;32,167115699823825;33,07985909304418;76,50932015100857;imitation3.3.25.05.26.JPG;2215872
159,058941228352;123,40157834425561;72,73640645087012;34,89536102120627;139,5287756672135;159,05946451676456;54,09692546032881;7,688658357506142;32,75509603526939;33,64538279791403;76,79001930952917;immitation2.1.25.05.26.JPG;2405939
147,0394017956677;113,93985948121613;72,49226092000681;32,88010895172595;130,71965533776384;147,03940608800266;50,282090812967525;7,889453978197395;27,843044025866845;28,93922225458822;74,17967930684995;Raw.07.05.26.JPG;1630814
141,59641346976522;109,63229756529394;66,82566851795985;34,07369103021251;136,09516075588152;141,59641346976522;48,43420859325476;7,286827463761313;28,58903368430424;29,503062578127523;75,70080137849617;Raw.28.04.26.JPG;1011005
161,05579448761702;126,32489959709866;74,18973165859282;35,742432414879204;138,66142792064312;161,05676040060746;55,10613875200523;7,060173108927074;33,24540500404652;33,986806237290054;78,01048073362337;raw25.05.26.JPG;2171003
137,87294591052594;105,10467418139176;63,873160537021874;33,091525610696316;138,00576493962282;137,8739758779003;46,755425502259264;7,968106982315504;28,037801840991733;29,148054153859817;74,13529703506185;RawCK_13.05.JPG;834007
150,88249290113376;118,04030925051165;74,28393912358321;33,91771802710017;130,59478213231588;150,88250066400252;51,8233818628965;7,333527220222038;28,885278107545673;29,80167634278305;75,75447010218959;Raw_10.04.26.JPG;1803457
141,99218045274748;110,84472651779728;73,4689762693974;32,35668875563107;124,01476397299778;141,99219122347372;48,89531894205914;7,426884271239203;25,443753921217535;26,50553194300867;73,72778124772555;raw_1_08.04.26.JPG;371377
151,71673947317421;116,5435739090809;67,69119434099635;34,52189171210526;142,4943561861961;151,7170773163207;51,4045899424316;7,922572374382582;32,013927518240905;32,97967113496605;76,10012432058454;Raw_23.04.26.JPG;763668
118,99044139016281;90,72330535806687;58,35299694493078;31,746354827505545;131,5382592484955;118,99224005330423;40,59451193875908;7,323943661971839;23,065645002374595;24,20049855146182;72,38399967664397;SC1.05.05.26.JPG;564308
120,88067437309698;92,39773001423866;58,83135153716006;32,10026979338967;132,19630740993617;120,88192005853145;41,28415791432745;7,257101589589212;23,690065579819276;24,77669733152012;72,96832839971988;SC2.SC1.05.05.26.JPG;634189
127,19280487469173;97,09196883850397;61,56458756033856;32,21716214049877;132,86070597531887;127,19467352811158;43,34335606458427;7,621955544184573;24,846679739683935;25,98945363804222;72,94610638176017;SC3..05.05.26.JPG;617557
116,53128925831884;111,6713351035633;101,23903671734494;45,01772085716568;32,39044947219875;116,57234665201426;47,16167513361325;-0,022312643266388932;6,403682626976064;6,403721499338069;90,19963748827487;SkimSlow-10.04.26.JPG;413129
101,29692782766816;97,71874694805769;90,04677552121362;52,02282969115507;28,246996888762805;101,47018281425123;41,43930123868621;-0,020841568733231952;4,8295493124119275;4,829594282339437;90,24725423366306;SkimSolar_10.04.26.JPG;430054
134,51772579996688;103,22162322297004;62,03978455942851;33,75029407115215;138,50297556439878;134,51781293216013;45,83920859366516;7,340796413141021;27,86177846764346;28,812601259852;75,23961116792157;Slow1.16.04.26.JPG;803377
137,7750042359217;106,06250337810961;62,11589299606287;34,53827603148489;141,13842081194875;137,7750376374549;46,99740162269054;7,227388528455975;29,26280933615365;30,14211597060396;76,12661622479034;Slow1_10.04.26.JPG;1646631
137,75466248265778;106,13469993250591;64,37164287187372;33,89778863099479;137,45295802242305;137,75473981964078;47,0361343382454;7,353892862499521;28,13432027822566;29,079541223184744;75,35147217676183;Slow2.16.04.26.JPG;853408
142,73154649923126;111,6268942886098;67,78417182739439;34,867739802277235;135,29843678587983;142,73156914312278;49,12967872159855;6,74488375134419;28,926033035127148;29,702000672823605;76,8744762181485;Slow2_10.04.26.JPG;2163939
131,92549690385098;100,0999307481845;60,07059522503056;33,16675055092405;140,30857675535694;131,92555366763418;44,6856685100427;7,860530123278323;27,476012255931494;28,578299167498816;74,03486238749261;Slow3.16.04.26.JPG;792759
138,79697028157;107,0404223700591;63,87051779418251;34,30840067883055;138,96654830337576;138,79698535329635;47,40145962478572;7,2561691087887255;28,856976350451788;29,755286492081932;75,8854374745157;Slow3_10.04.26.JPG;1990482
138,1976702638204;107,09952434962761;65,75935565928879;33,93856865624672;134,68807366516313;138,19894380048254;47,36583691223264;7,130382618273359;27,735933730200344;28,637813746322188;75,5825492485907;SnotC1.05.05.26.JPG;610112
137,548650482561;104,952470670901;62,789013040513076;33,54526980015569;139,8670373993373;137,5496665817047;46,672516074897814;7,807435434649335;28,536958453600448;29,585706782984516;74,69886611149327;SnotC2.05.05.26.JPG;580652
135,6307619793853;102,93011741063107;61,692352926020845;33,11606329595451;140,15296875970907;135,6320108029299;45,88435288940961;7,995982243669118;28,13262839467069;29,246888935982632;74,13355139649812;SnotC3.05.05.26.JPG;659821
137,63442527949786;103,72705252671264;60,72359372049564;33,209670592984715;143,52383333658898;137,63538895291674;46,32628567350341;8,366007071279284;29,224806776968194;30,3986744031351;74,02549456561643;Solar1.07.05.26.JPG;767895
136,8792651295279;107,34703771335364;71,52242866487529;32,59731006697926;123,12589733195094;136,87945168129784;47,36942284713782;6,998669024872385;24,500565036610794;25,480562302133432;74,05783083252457;Solar1.16.04.26.JPG;836229
145,26567456461072;114,04511399516662;73,00518909959037;33,82483946796143;128,35305496778358;145,26567456461072;50,12163266697284;7,000062342539252;27,35270474940134;28,234222672270594;75,64504757010494;solar1.20.04.26.JPG;545374
142,750628547858;110,90255052935515;68,77821917987599;33,88839674464589;133,22984118254297;142,75067437947268;48,959149695596345;7,27408342226849;28,129998646876146;29,055276861654153;75,50158244499981;Solar1_10.04.26.JPG;1832796
142,5933578380717;112,08648253989102;73,42684601611286;33,12124823506006;124,62189626499112;142,5933694272806;49,304660721553994;6,972249639285877;25,982569829812462;26,9017880445446;74,97893171566928;Solar1_23.04.26.JPG;517723
136,76279824821904;104,18910055133443;61,994525391081226;33,56428028964719;140,39764864138377;136,76435118724126;46,38377780927861;7,884636467891255;28,541023765953412;29,61009168914406;74,55685255230135;Solar2.07.05.26.JPG;851933
135,13485697529296;106,47060892037415;70,95619797570899;32,90796282323155;121,96353010033245;135,13490584817697;46,937062500331606;6,654218385502162;24,199064024670065;25,097277182834716;74,62490268320734;Solar2.16.04.26.JPG;838911
143,82597435266067;112,83267405133365;72,37843022977735;33,72839825474798;128,02819825581085;143,82597435266067;49,62526780020586;6,978568758713408;27,039912985404868;27,925925520533024;75,52865955118965;solar2.20.04.26.JPG;564503
142,63664246457216;114,02686772611685;76,13422258857706;33,826073038439915;119,68925751121905;142,6366464660207;49,88318084872214;6,179591011946314;25,205896534545502;25,952351823777754;76,22480822529518;Solar2_23.04.26.JPG;499819
138,21273259005986;104,63157816058839;61,2804113371856;33,48099597197232;143,13029256201042;138,21389316213762;46,64291163163207;8,180869858285178;29,3184533678334;30,438435234420652;74,40904583680631;Solar3.07.05.26.JPG;735844
136,7754889178618;108,56717854162007;73,03385902800129;33,15478989487925;120,00925629933502;136,7756329338345;47,71053559630089;6,410028748643043;24,061254793713488;24,900450815325225;75,08260265021914;Solar3.16.04.26.JPG;916565
144,09938832834388;113,00437779502532;71,72286654100603;33,983945004989465;129,4965166130761;144,09938832834388;49,69902971722007;6,945901245518712;27,49683076468196;28,36055793199525;75,82324112692692;solar3.20.04.26.JPG;541140
141,69543128031052;109,90606877239328;67,81601570479903;33,89127439649487;134,08507139265822;141,69544014201108;48,548797123373106;7,263662177049326;28,141803533299935;29,064099750880803;75,52729836863581;Solar3_10.04.26.JPG;2144058
141,72705732484076;110,95980401763842;72,35665654091132;33,08891719745223;125,97592356687898;141,72749828515433;48,89360194445244;7,1254032337089654;26,064658500734936;27,021062044318022;74,71039083715745;Solar3_23.04.26.JPG;510250
140,90899675268372;109,45526091366699;57,914023322714826;37,343690538123305;151,2706057301948;140,90912502999075;48,24195205456322;6,397322329990999;33,074906820789465;33,68790872401709;79,05307161255503;SolarWithoutSkin_10.04.26.JPG;420963
152,38771379994859;120,75612018321064;73,39957944547501;35,549631937368964;133,1259604158473;152,38772618741618;52,69477759546745;6,35981877134904;30,47948325678911;31,135930922413277;78,21382858964638;solar_1_08.04.26.JPG;645814
156,95539677670985;123,05871115103938;71,16649098577997;35,967950823883676;140,68318274600904;156,95539677670985;53,76286233972993;6,849757809495486;33,135263902793724;33,83585222743073;78,32027180425955;solar_2_08.04.26.JPG;642263
153,4562487610231;119,76167982769252;72,0523599241594;34,86317681583847;136,87260702632165;153,4562487610231;52,52136858834742;7,285187856262866;31,064094783709606;31,9069263143966;76,80145071003176;solar_3_08.04.26.JPG;822251
144,19780942951687;112,34575061211513;68,89925259905486;34,28205304725991;134,12931141464492;144,19784068067744;49,49876690682016;7,083952393159535;28,768578362058747;29,627917282226665;76,16673683172188;Solqr2_10.04.26.JPG;2207918
142,0969962846739;108,73155658841291;54,19747846295035;37,11610394031795;158,63189407620118;142,09702218834187;48,13030299600227;6,983519716391839;34,9314440924835;35,622680050994674;78,69443487944868;WithoutSkinSlow_10.04.26.JPG;540464
